Lyric,Prompt,Image_URL
237 ContributorsTranslationsPolskiAmerican Pie Lyrics[Intro],"""Generate a conceptual image depicting an American Pie with 237 contributors, with elements of Polish and music-related designs inspired by the song 'American Pie'.""",https://oaidalleapiprodscus.blob.core.windows.net/private/org-5asyG5KsxkGgkhEpGIwSUNiR/user-hEblrJn1zbSsetupZN9Eyq8x/img-GaKcciKyMOfZfN8CtHmhessx.png?st=2023-09-25T21%3A42%3A19Z&se=2023-09-25T23%3A42%3A19Z&sp=r&sv=2021-08-06&sr=b&rscd=inline&rsct=image/png&skoid=6aaadede-4fb3-4698-a8f6-684d7786b067&sktid=a48cca56-e6da-484e-a814-9c849652bcb3&skt=2023-09-25T20%3A38%3A58Z&ske=2023-09-26T20%3A38%3A58Z&sks=b&skv=2021-08-06&sig=EfOsluZuRfR92rKrUOq335CxOvPQtp2Rbct7JGpxM%2Bg%3D
"A long, long time ago","""Generate an image depicting a serene, timeless landscape from a long, long time ago, infused with elements showing its ancient history.""",https://oaidalleapiprodscus.blob.core.windows.net/private/org-5asyG5KsxkGgkhEpGIwSUNiR/user-hEblrJn1zbSsetupZN9Eyq8x/img-WEl81dBR6qt6lIzbMVBoBDKJ.png?st=2023-09-25T21%3A42%3A30Z&se=2023-09-25T23%3A42%3A30Z&sp=r&sv=2021-08-06&sr=b&rscd=inline&rsct=image/png&skoid=6aaadede-4fb3-4698-a8f6-684d7786b067&sktid=a48cca56-e6da-484e-a814-9c849652bcb3&skt=2023-09-25T20%3A36%3A52Z&ske=2023-09-26T20%3A36%3A52Z&sks=b&skv=2021-08-06&sig=MimfRTlbIM/WLGFG85HhS2Bmd/gFha/kTjRoLMda1Sg%3D
I can still remember how that music,"""Create an image of a nostalgic scene, featuring a person fondly remembering a moment from their past which is entwined with music â€“ perhaps an old record, a vintage stereo, or a concert setting.""",https://oaidalleapiprodscus.blob.core.windows.net/private/org-5asyG5KsxkGgkhEpGIwSUNiR/user-hEblrJn1zbSsetupZN9Eyq8x/img-3ltZfU1lqZiebY6MifiVwiPQ.png?st=2023-09-25T21%3A42%3A43Z&se=2023-09-25T23%3A42%3A43Z&sp=r&sv=2021-08-06&sr=b&rscd=inline&rsct=image/png&skoid=6aaadede-4fb3-4698-a8f6-684d7786b067&sktid=a48cca56-e6da-484e-a814-9c849652bcb3&skt=2023-09-25T20%3A41%3A01Z&ske=2023-09-26T20%3A41%3A01Z&sks=b&skv=2021-08-06&sig=IGMOe8xkDooM40R90jVW4NOVMEmmJ1u0HNcv1GHe%2Bbc%3D
Used to make me smile,"""A nostalgic scene featuring an object or place that once prompted a joyful smile, captured in soft, warm colors.""",https://oaidalleapiprodscus.blob.core.windows.net/private/org-5asyG5KsxkGgkhEpGIwSUNiR/user-hEblrJn1zbSsetupZN9Eyq8x/img-o6Ko4zhBOHspYQilhSZvNRb6.png?st=2023-09-25T21%3A42%3A54Z&se=2023-09-25T23%3A42%3A54Z&sp=r&sv=2021-08-06&sr=b&rscd=inline&rsct=image/png&skoid=6aaadede-4fb3-4698-a8f6-684d7786b067&sktid=a48cca56-e6da-484e-a814-9c849652bcb3&skt=2023-09-25T20%3A35%3A54Z&ske=2023-09-26T20%3A35%3A54Z&sks=b&skv=2021-08-06&sig=l3ekf/KkFNEbYg3WaFS8qbk%2BKJPKc8Mqm%2BsHxOFAnO8%3D
And I knew if I had my chance,"""Visualize an ambitious person standing at the precipice of a significant opportunity, inspired by the lyric 'And I knew if I had my chance'."".",https://oaidalleapiprodscus.blob.core.windows.net/private/org-5asyG5KsxkGgkhEpGIwSUNiR/user-hEblrJn1zbSsetupZN9Eyq8x/img-ODbtbkyOJviJY8TNPtXZo1H7.png?st=2023-09-25T21%3A43%3A07Z&se=2023-09-25T23%3A43%3A07Z&sp=r&sv=2021-08-06&sr=b&rscd=inline&rsct=image/png&skoid=6aaadede-4fb3-4698-a8f6-684d7786b067&sktid=a48cca56-e6da-484e-a814-9c849652bcb3&skt=2023-09-25T20%3A36%3A52Z&ske=2023-09-26T20%3A36%3A52Z&sks=b&skv=2021-08-06&sig=i9n9mGBTRYL1hIZMdZjzI%2BYplgotjDf1Yn1Ac3NAxLc%3D
That I could make those people dance,"""Design an uplifting image of a vibrant dance floor with colorful lighting and diverse people of all ages joyfully dancing, inspired by the feeling evoked by the lyrics 'That I could make those people dance'.""",https://oaidalleapiprodscus.blob.core.windows.net/private/org-5asyG5KsxkGgkhEpGIwSUNiR/user-hEblrJn1zbSsetupZN9Eyq8x/img-Ixib779SKZCrGyCHIpWqkdUa.png?st=2023-09-25T21%3A43%3A21Z&se=2023-09-25T23%3A43%3A21Z&sp=r&sv=2021-08-06&sr=b&rscd=inline&rsct=image/png&skoid=6aaadede-4fb3-4698-a8f6-684d7786b067&sktid=a48cca56-e6da-484e-a814-9c849652bcb3&skt=2023-09-25T20%3A37%3A17Z&ske=2023-09-26T20%3A37%3A17Z&sks=b&skv=2021-08-06&sig=zVG%2BzF6YSZ0x44v4gFZYfSiTnDz/3R7hnSTAGnNhAGs%3D
And maybe they'd be happy for a while,"""Generate an image of two people visibly exuding joy and contentment in a serene setting, embodying the concept of fleeting happiness inspired by the lyric 'And maybe they'd be happy for a while'.""",https://oaidalleapiprodscus.blob.core.windows.net/private/org-5asyG5KsxkGgkhEpGIwSUNiR/user-hEblrJn1zbSsetupZN9Eyq8x/img-yF5UPzsWvj5MqldZpEXPVu2O.png?st=2023-09-25T21%3A43%3A33Z&se=2023-09-25T23%3A43%3A33Z&sp=r&sv=2021-08-06&sr=b&rscd=inline&rsct=image/png&skoid=6aaadede-4fb3-4698-a8f6-684d7786b067&sktid=a48cca56-e6da-484e-a814-9c849652bcb3&skt=2023-09-25T20%3A38%3A16Z&ske=2023-09-26T20%3A38%3A16Z&sks=b&skv=2021-08-06&sig=0JYkMKvi%2BdiNwrRxI67G5vE50FkgGGnf/NmeRPaDz4U%3D
But February made me shiver,"""Generate an image depicting a solitary figure shivering in the chilly atmosphere of February, with bleak landscapes and a sky full of winter hues.""",https://oaidalleapiprodscus.blob.core.windows.net/private/org-5asyG5KsxkGgkhEpGIwSUNiR/user-hEblrJn1zbSsetupZN9Eyq8x/img-5DCnsKxR0U1eVi0cwPAdcH51.png?st=2023-09-25T21%3A43%3A45Z&se=2023-09-25T23%3A43%3A45Z&sp=r&sv=2021-08-06&sr=b&rscd=inline&rsct=image/png&skoid=6aaadede-4fb3-4698-a8f6-684d7786b067&sktid=a48cca56-e6da-484e-a814-9c849652bcb3&skt=2023-09-25T20%3A38%3A22Z&ske=2023-09-26T20%3A38%3A22Z&sks=b&skv=2021-08-06&sig=JE%2BOoYikvr4bjYd/L4nGcoV8h3%2BdSZf8Aw9KN20rqyU%3D
With every paper I'd deliver,"""Create an image illustrating a scene where someone is diligently delivering newspapers on an enchanting morning under a beautiful sunrise.""",https://oaidalleapiprodscus.blob.core.windows.net/private/org-5asyG5KsxkGgkhEpGIwSUNiR/user-hEblrJn1zbSsetupZN9Eyq8x/img-M66WdUwvefAK25xos015tdAC.png?st=2023-09-25T21%3A43%3A56Z&se=2023-09-25T23%3A43%3A56Z&sp=r&sv=2021-08-06&sr=b&rscd=inline&rsct=image/png&skoid=6aaadede-4fb3-4698-a8f6-684d7786b067&sktid=a48cca56-e6da-484e-a814-9c849652bcb3&skt=2023-09-25T20%3A37%3A12Z&ske=2023-09-26T20%3A37%3A12Z&sks=b&skv=2021-08-06&sig=XAdvplgrKvR2fmuhaIUFyVjXtFfrhhBoYZ0PXyL/ZjI%3D
Bad news on the doorstep,"""Generate an image of a dark, foreboding doorstep with an ominous envelope labeled 'Bad News' under the pale glow of a streetlight.""",https://oaidalleapiprodscus.blob.core.windows.net/private/org-5asyG5KsxkGgkhEpGIwSUNiR/user-hEblrJn1zbSsetupZN9Eyq8x/img-hkOogR65nW7aBr6KRG6WuRqT.png?st=2023-09-25T21%3A44%3A08Z&se=2023-09-25T23%3A44%3A08Z&sp=r&sv=2021-08-06&sr=b&rscd=inline&rsct=image/png&skoid=6aaadede-4fb3-4698-a8f6-684d7786b067&sktid=a48cca56-e6da-484e-a814-9c849652bcb3&skt=2023-09-25T20%3A36%3A09Z&ske=2023-09-26T20%3A36%3A09Z&sks=b&skv=2021-08-06&sig=aJFMqEI4L23/8MOecZ975M1NPAsDtGpDne1/GBGsFY4%3D
I couldn't take one more step,"""Generate an image of a weary traveler in an expansive, empty desert, reaching a point of exhaustion where he's unable to take one more step, with a setting sun casting long shadows.""",https://oaidalleapiprodscus.blob.core.windows.net/private/org-5asyG5KsxkGgkhEpGIwSUNiR/user-hEblrJn1zbSsetupZN9Eyq8x/img-wctzCUsDGEcD2ZOXv7A6AJzg.png?st=2023-09-25T21%3A44%3A21Z&se=2023-09-25T23%3A44%3A21Z&sp=r&sv=2021-08-06&sr=b&rscd=inline&rsct=image/png&skoid=6aaadede-4fb3-4698-a8f6-684d7786b067&sktid=a48cca56-e6da-484e-a814-9c849652bcb3&skt=2023-09-25T20%3A40%3A11Z&ske=2023-09-26T20%3A40%3A11Z&sks=b&skv=2021-08-06&sig=q5kQmWUPT/GMZbw5NVXuU7taikabNdmP6PnFhJr25U8%3D
I can't remember if I cried,"""Generate an image of a melancholy character in a contemplative pose, with teardrops on their face or on the verge of tears, depicting a state of forgetting whether they have cried.""",https://oaidalleapiprodscus.blob.core.windows.net/private/org-5asyG5KsxkGgkhEpGIwSUNiR/user-hEblrJn1zbSsetupZN9Eyq8x/img-Ur5X1Sdqh5bukhUzAgZfhkvu.png?st=2023-09-25T21%3A44%3A34Z&se=2023-09-25T23%3A44%3A34Z&sp=r&sv=2021-08-06&sr=b&rscd=inline&rsct=image/png&skoid=6aaadede-4fb3-4698-a8f6-684d7786b067&sktid=a48cca56-e6da-484e-a814-9c849652bcb3&skt=2023-09-25T20%3A36%3A39Z&ske=2023-09-26T20%3A36%3A39Z&sks=b&skv=2021-08-06&sig=PmBAEcO9NYwjyCgwymfWZDv/EAa7BQvtySSUoNrGOig%3D
When I read about his widowed bride,"""Generate an image of a melancholy widowed bride holding an old love letter in a dimly lit room, the expression on her face reflecting a sense of longing and loss, inspired by the lyric 'When I read about his widowed bride.'""",https://oaidalleapiprodscus.blob.core.windows.net/private/org-5asyG5KsxkGgkhEpGIwSUNiR/user-hEblrJn1zbSsetupZN9Eyq8x/img-k2mhFGhMiM1Y8Zhd8N2OeG6z.png?st=2023-09-25T21%3A44%3A48Z&se=2023-09-25T23%3A44%3A48Z&sp=r&sv=2021-08-06&sr=b&rscd=inline&rsct=image/png&skoid=6aaadede-4fb3-4698-a8f6-684d7786b067&sktid=a48cca56-e6da-484e-a814-9c849652bcb3&skt=2023-09-25T20%3A36%3A15Z&ske=2023-09-26T20%3A36%3A15Z&sks=b&skv=2021-08-06&sig=kxIp1s7Jc6Tso5N9jN7zdchwjKWZCzEaXwjjPBN7hEM%3D
Something touched me deep inside,"""Visualize a profound, emotional encounter symbolically, showing a hand reaching out and touching a heart deep inside a transparent human body, accentuated by vibrant colors and sparks signifying the depth of the impact.""",https://oaidalleapiprodscus.blob.core.windows.net/private/org-5asyG5KsxkGgkhEpGIwSUNiR/user-hEblrJn1zbSsetupZN9Eyq8x/img-tbPP6f0MAXVgI6e5kX12eM1s.png?st=2023-09-25T21%3A45%3A00Z&se=2023-09-25T23%3A45%3A00Z&sp=r&sv=2021-08-06&sr=b&rscd=inline&rsct=image/png&skoid=6aaadede-4fb3-4698-a8f6-684d7786b067&sktid=a48cca56-e6da-484e-a814-9c849652bcb3&skt=2023-09-25T20%3A37%3A34Z&ske=2023-09-26T20%3A37%3A34Z&sks=b&skv=2021-08-06&sig=v4YokNhtIrAP/xVjV%2BQkPpGhelAeWZcE26mnbgqRdxA%3D
The day the music died,"""Visualize a vintage radio sitting alone on a desolate, overcast landscape, with musical notes dissolving into particles, symbolizing the day the music died.""",https://oaidalleapiprodscus.blob.core.windows.net/private/org-5asyG5KsxkGgkhEpGIwSUNiR/user-hEblrJn1zbSsetupZN9Eyq8x/img-YtgIFIUcp2bpEH9ERm3uXf4C.png?st=2023-09-25T21%3A45%3A11Z&se=2023-09-25T23%3A45%3A11Z&sp=r&sv=2021-08-06&sr=b&rscd=inline&rsct=image/png&skoid=6aaadede-4fb3-4698-a8f6-684d7786b067&sktid=a48cca56-e6da-484e-a814-9c849652bcb3&skt=2023-09-25T20%3A37%3A21Z&ske=2023-09-26T20%3A37%3A21Z&sks=b&skv=2021-08-06&sig=AJvECXLtJDtEViXVC49vJppzALhlePIRPsz9PAoxy2Y%3D
,"""Generate an image depicting a tranquil moonlit scene with a lonely street lit by lanterns, embodying the spirit of the lyrics 'A lonely street lit only by the moon.'""",https://oaidalleapiprodscus.blob.core.windows.net/private/org-5asyG5KsxkGgkhEpGIwSUNiR/user-hEblrJn1zbSsetupZN9Eyq8x/img-EYnVb633lUGiID5VW0EDzIyH.png?st=2023-09-25T21%3A45%3A22Z&se=2023-09-25T23%3A45%3A22Z&sp=r&sv=2021-08-06&sr=b&rscd=inline&rsct=image/png&skoid=6aaadede-4fb3-4698-a8f6-684d7786b067&sktid=a48cca56-e6da-484e-a814-9c849652bcb3&skt=2023-09-25T20%3A35%3A40Z&ske=2023-09-26T20%3A35%3A40Z&sks=b&skv=2021-08-06&sig=pYJ%2BEwUA3miPNVUCtmVKDXmc8e4tn13aFgGY%2Bjvu1Ps%3D
[Chorus],"""Generate an image depicting a lively chorus scene on a grand stage, with a diverse group of people singing passionately, accompanied by a vibrant orchestra. Spotlight beams from above illuminate the performers and create striking shadows. The entire scene is filled with energy, as if synchronizing with the rhythm of a powerful song.""",https://oaidalleapiprodscus.blob.core.windows.net/private/org-5asyG5KsxkGgkhEpGIwSUNiR/user-hEblrJn1zbSsetupZN9Eyq8x/img-i3T2zUxGWoFxSdXGZVfLNlyJ.png?st=2023-09-25T21%3A45%3A38Z&se=2023-09-25T23%3A45%3A38Z&sp=r&sv=2021-08-06&sr=b&rscd=inline&rsct=image/png&skoid=6aaadede-4fb3-4698-a8f6-684d7786b067&sktid=a48cca56-e6da-484e-a814-9c849652bcb3&skt=2023-09-25T20%3A38%3A22Z&ske=2023-09-26T20%3A38%3A22Z&sks=b&skv=2021-08-06&sig=9oc3GbnrGP8ri6Tvo6xGvdbl9av7e/Ig3tbx8A2w6gI%3D
"So, bye-bye, Miss American Pie","""Generate an image of a vintage American flag draped over a delicious apple pie, with a tearful, feminine anthropomorphic figure waving goodbye.""",https://oaidalleapiprodscus.blob.core.windows.net/private/org-5asyG5KsxkGgkhEpGIwSUNiR/user-hEblrJn1zbSsetupZN9Eyq8x/img-sOnL0qnDRJwp2MMfsYWSZB0R.png?st=2023-09-25T21%3A45%3A50Z&se=2023-09-25T23%3A45%3A50Z&sp=r&sv=2021-08-06&sr=b&rscd=inline&rsct=image/png&skoid=6aaadede-4fb3-4698-a8f6-684d7786b067&sktid=a48cca56-e6da-484e-a814-9c849652bcb3&skt=2023-09-25T20%3A37%3A03Z&ske=2023-09-26T20%3A37%3A03Z&sks=b&skv=2021-08-06&sig=X0FhOLUWctCn7vCkTMYUaZW/96bm8M7BXauewOiG4uw%3D
"Drove my Chevy to the levee, but the levee was dry","""Generate an image of a classic Chevrolet car parked beside a dried out river levee at sunset.""",https://oaidalleapiprodscus.blob.core.windows.net/private/org-5asyG5KsxkGgkhEpGIwSUNiR/user-hEblrJn1zbSsetupZN9Eyq8x/img-F4o2ip10n3LezxQrdfFLZx4A.png?st=2023-09-25T21%3A46%3A00Z&se=2023-09-25T23%3A46%3A00Z&sp=r&sv=2021-08-06&sr=b&rscd=inline&rsct=image/png&skoid=6aaadede-4fb3-4698-a8f6-684d7786b067&sktid=a48cca56-e6da-484e-a814-9c849652bcb3&skt=2023-09-25T20%3A35%3A42Z&ske=2023-09-26T20%3A35%3A42Z&sks=b&skv=2021-08-06&sig=BjlkRDf0YfRpULHACAGYTm2tNw0kGKvK8zAc6JVgX1I%3D
And them good ol' boys were drinkin' whiskey and rye,"""A group of cheerful older men in cowboy attire sitting around a wooden table, drinking whiskey and rye in an old-fashioned saloon.""",https://oaidalleapiprodscus.blob.core.windows.net/private/org-5asyG5KsxkGgkhEpGIwSUNiR/user-hEblrJn1zbSsetupZN9Eyq8x/img-nQhCXhBfGcIoFX4Ewc1QI3Y2.png?st=2023-09-25T21%3A46%3A11Z&se=2023-09-25T23%3A46%3A11Z&sp=r&sv=2021-08-06&sr=b&rscd=inline&rsct=image/png&skoid=6aaadede-4fb3-4698-a8f6-684d7786b067&sktid=a48cca56-e6da-484e-a814-9c849652bcb3&skt=2023-09-25T20%3A36%3A35Z&ske=2023-09-26T20%3A36%3A35Z&sks=b&skv=2021-08-06&sig=TfYqMz3Q946smqEpOF2RIaCplXcO2lM6wWTq5xSZlpc%3D
"Singin', ""This'll be the day that I die","""Generate an emotional, symbolic image depicting a solemn sunset over a deserted highway, with a broken down jukebox nearby, representing a melancholic singer expressing 'This'll be the day that I die'.""",https://oaidalleapiprodscus.blob.core.windows.net/private/org-5asyG5KsxkGgkhEpGIwSUNiR/user-hEblrJn1zbSsetupZN9Eyq8x/img-sCN1XdfRH2AgLd2ibvIvPNgD.png?st=2023-09-25T21%3A46%3A24Z&se=2023-09-25T23%3A46%3A24Z&sp=r&sv=2021-08-06&sr=b&rscd=inline&rsct=image/png&skoid=6aaadede-4fb3-4698-a8f6-684d7786b067&sktid=a48cca56-e6da-484e-a814-9c849652bcb3&skt=2023-09-25T20%3A36%3A08Z&ske=2023-09-26T20%3A36%3A08Z&sks=b&skv=2021-08-06&sig=Euqa10ikLXbkP%2BBASuwpcmgAisPA/Ms/oegTQLtsR%2BQ%3D
"This'll be the day that I die,""","""Generate an image of a somber sunset over a deserted road, symbolizing the metaphorical death of a significant day.""",https://oaidalleapiprodscus.blob.core.windows.net/private/org-5asyG5KsxkGgkhEpGIwSUNiR/user-hEblrJn1zbSsetupZN9Eyq8x/img-rfYWwJr2lMwTc1w8aDcldmXi.png?st=2023-09-25T21%3A46%3A35Z&se=2023-09-25T23%3A46%3A35Z&sp=r&sv=2021-08-06&sr=b&rscd=inline&rsct=image/png&skoid=6aaadede-4fb3-4698-a8f6-684d7786b067&sktid=a48cca56-e6da-484e-a814-9c849652bcb3&skt=2023-09-25T20%3A40%3A38Z&ske=2023-09-26T20%3A40%3A38Z&sks=b&skv=2021-08-06&sig=vIkbDJ0%2BcMi5pTaVRjrqMgcwRf03R310eQkF2IS47LI%3D
,"""Generate an image of a mystical fairy-tale world, shimmering in the soft glow of twilight with a full moon overhead. It has a vibrant forest with radiant, colourful flowers and tall, ancient trees that seem to touch the sky. A vibrant stream should be gently flowing through the forest and a little wooden bridge stretching over it. A castle, cloaked in a veil of gentle fog, stands majestically in the distance.""",https://oaidalleapiprodscus.blob.core.windows.net/private/org-5asyG5KsxkGgkhEpGIwSUNiR/user-hEblrJn1zbSsetupZN9Eyq8x/img-WeoTCe3DXDQjBEEyWhUjMPLa.png?st=2023-09-25T21%3A46%3A51Z&se=2023-09-25T23%3A46%3A51Z&sp=r&sv=2021-08-06&sr=b&rscd=inline&rsct=image/png&skoid=6aaadede-4fb3-4698-a8f6-684d7786b067&sktid=a48cca56-e6da-484e-a814-9c849652bcb3&skt=2023-09-25T20%3A37%3A04Z&ske=2023-09-26T20%3A37%3A04Z&sks=b&skv=2021-08-06&sig=AXJdOdUF4ZWWr%2Be2HABWK78Ik2fHW6v9UdUKYlbVBrI%3D
[Verse 1],"""Generate an image featuring a serene scene symbolizing the start of a new journey, inspired by the introspective ambiance of the first verse in a song.""",https://oaidalleapiprodscus.blob.core.windows.net/private/org-5asyG5KsxkGgkhEpGIwSUNiR/user-hEblrJn1zbSsetupZN9Eyq8x/img-tsOjVaj1LbarsPUCFqAeIFOA.png?st=2023-09-25T21%3A47%3A03Z&se=2023-09-25T23%3A47%3A03Z&sp=r&sv=2021-08-06&sr=b&rscd=inline&rsct=image/png&skoid=6aaadede-4fb3-4698-a8f6-684d7786b067&sktid=a48cca56-e6da-484e-a814-9c849652bcb3&skt=2023-09-25T20%3A38%3A20Z&ske=2023-09-26T20%3A38%3A20Z&sks=b&skv=2021-08-06&sig=Lh5nBYuOlCQz/tUphAykBj/PHbyYxkMmmQGOOO7zCJQ%3D
Did you write the book of love?,"""An antique, leather-bound book titled 'The Book of Love', open to a beautifully illustrated page depicting two intertwined hearts, in a romantic, vintage setting.""",https://oaidalleapiprodscus.blob.core.windows.net/private/org-5asyG5KsxkGgkhEpGIwSUNiR/user-hEblrJn1zbSsetupZN9Eyq8x/img-Y6yAy6XxjieWWTX9YEywa4PY.png?st=2023-09-25T21%3A47%3A15Z&se=2023-09-25T23%3A47%3A15Z&sp=r&sv=2021-08-06&sr=b&rscd=inline&rsct=image/png&skoid=6aaadede-4fb3-4698-a8f6-684d7786b067&sktid=a48cca56-e6da-484e-a814-9c849652bcb3&skt=2023-09-25T20%3A38%3A01Z&ske=2023-09-26T20%3A38%3A01Z&sks=b&skv=2021-08-06&sig=XD0PRhPHSDIVGfv7fV/7DakRjbaEmiSxaPHMbC8jq2U%3D
And do you have faith in God above,"""Generate an image of a character standing majestically on a hilltop, holding a cross and looking up at the sky with an expression of intense faith, with the radiant glow of God shining down from above.""",https://oaidalleapiprodscus.blob.core.windows.net/private/org-5asyG5KsxkGgkhEpGIwSUNiR/user-hEblrJn1zbSsetupZN9Eyq8x/img-aLimRyQd1KgWNlcK8aCHyCKO.png?st=2023-09-25T21%3A47%3A29Z&se=2023-09-25T23%3A47%3A29Z&sp=r&sv=2021-08-06&sr=b&rscd=inline&rsct=image/png&skoid=6aaadede-4fb3-4698-a8f6-684d7786b067&sktid=a48cca56-e6da-484e-a814-9c849652bcb3&skt=2023-09-25T20%3A36%3A53Z&ske=2023-09-26T20%3A36%3A53Z&sks=b&skv=2021-08-06&sig=3EprefBhiLZP3qlnS319J0NM52qiGWts8WeYfH/q%2BpM%3D
If the Bible tells you so?,"""Generate an image depicting a person intently reading a glowing Bible, surrounded by various scenes depicted from its pages, suggesting the lyric 'If the Bible tells you so?'"".",https://oaidalleapiprodscus.blob.core.windows.net/private/org-5asyG5KsxkGgkhEpGIwSUNiR/user-hEblrJn1zbSsetupZN9Eyq8x/img-ThNwdtQElksmSLZpZ6C9oySN.png?st=2023-09-25T21%3A47%3A41Z&se=2023-09-25T23%3A47%3A41Z&sp=r&sv=2021-08-06&sr=b&rscd=inline&rsct=image/png&skoid=6aaadede-4fb3-4698-a8f6-684d7786b067&sktid=a48cca56-e6da-484e-a814-9c849652bcb3&skt=2023-09-25T20%3A35%3A56Z&ske=2023-09-26T20%3A35%3A56Z&sks=b&skv=2021-08-06&sig=2vXxWWxAQw1AongI6/%2Bo9v4qXA6bb79zS2hQzAY1Bpk%3D
"Now, do you believe in rock 'n' roll?","""Generate an image illustrating an electrifying scene featuring enthusiastic fans at a rock 'n' roll concert, with a massive banner asking 'Now, do you believe in rock 'n' roll?'""",https://oaidalleapiprodscus.blob.core.windows.net/private/org-5asyG5KsxkGgkhEpGIwSUNiR/user-hEblrJn1zbSsetupZN9Eyq8x/img-A9r70cD6ZRyITdQWYtt2HAOV.png?st=2023-09-25T21%3A47%3A55Z&se=2023-09-25T23%3A47%3A55Z&sp=r&sv=2021-08-06&sr=b&rscd=inline&rsct=image/png&skoid=6aaadede-4fb3-4698-a8f6-684d7786b067&sktid=a48cca56-e6da-484e-a814-9c849652bcb3&skt=2023-09-25T20%3A37%3A56Z&ske=2023-09-26T20%3A37%3A56Z&sks=b&skv=2021-08-06&sig=Ij7DmfODyXz%2BBeUwxDNTLoIxgscnjJ/RuBKtXO1HybU%3D
Can music save your mortal soul?,"""Create a surreal image of music in ethereal form reaching out to a fading, distressed human soul, symbolizing music's healing and salvation effect.""",https://oaidalleapiprodscus.blob.core.windows.net/private/org-5asyG5KsxkGgkhEpGIwSUNiR/user-hEblrJn1zbSsetupZN9Eyq8x/img-geE19rp6ig3CR5ImJ67ev99E.png?st=2023-09-25T21%3A48%3A06Z&se=2023-09-25T23%3A48%3A06Z&sp=r&sv=2021-08-06&sr=b&rscd=inline&rsct=image/png&skoid=6aaadede-4fb3-4698-a8f6-684d7786b067&sktid=a48cca56-e6da-484e-a814-9c849652bcb3&skt=2023-09-25T20%3A35%3A53Z&ske=2023-09-26T20%3A35%3A53Z&sks=b&skv=2021-08-06&sig=8p5GDqlwq%2B3MqokKjEjv1bDLmCn6NmexOxFQPV2VUX0%3D
And can you teach me how to dance real slow?,"""Generate an image of a couple in a romantic setting, learning to dance slowly under soft lighting, evoking the feeling of a gentle dance lesson.""",https://oaidalleapiprodscus.blob.core.windows.net/private/org-5asyG5KsxkGgkhEpGIwSUNiR/user-hEblrJn1zbSsetupZN9Eyq8x/img-kplKr1wHHJMLohWZ93XaXR4E.png?st=2023-09-25T21%3A48%3A17Z&se=2023-09-25T23%3A48%3A17Z&sp=r&sv=2021-08-06&sr=b&rscd=inline&rsct=image/png&skoid=6aaadede-4fb3-4698-a8f6-684d7786b067&sktid=a48cca56-e6da-484e-a814-9c849652bcb3&skt=2023-09-25T20%3A38%3A38Z&ske=2023-09-26T20%3A38%3A38Z&sks=b&skv=2021-08-06&sig=EKOiRwwe%2BXzKSV2UnmOmM8xeO%2BlEQWTTnsKxGjDSewg%3D
"Well, I know that you're in love with him","""Generate an image depicting a melancholic individual looking longingly at a happy couple in love""",https://oaidalleapiprodscus.blob.core.windows.net/private/org-5asyG5KsxkGgkhEpGIwSUNiR/user-hEblrJn1zbSsetupZN9Eyq8x/img-vdpOvIidQftZ5cOa2fPhhtY8.png?st=2023-09-25T21%3A48%3A28Z&se=2023-09-25T23%3A48%3A28Z&sp=r&sv=2021-08-06&sr=b&rscd=inline&rsct=image/png&skoid=6aaadede-4fb3-4698-a8f6-684d7786b067&sktid=a48cca56-e6da-484e-a814-9c849652bcb3&skt=2023-09-25T20%3A38%3A08Z&ske=2023-09-26T20%3A38%3A08Z&sks=b&skv=2021-08-06&sig=bfWYlluLvik9TcBV3NmYuXFbP7YKOMfBwdgKexSWsrs%3D
'Cause I saw you dancin' in the gym,"""Generate an image featuring a lively, energetic individual dancing freely and joyfully in a well-lit gym interior with music symbols floating in the air around them.""",https://oaidalleapiprodscus.blob.core.windows.net/private/org-5asyG5KsxkGgkhEpGIwSUNiR/user-hEblrJn1zbSsetupZN9Eyq8x/img-x6Q68pdagf5Bq1qGo7srk0ov.png?st=2023-09-25T21%3A48%3A39Z&se=2023-09-25T23%3A48%3A39Z&sp=r&sv=2021-08-06&sr=b&rscd=inline&rsct=image/png&skoid=6aaadede-4fb3-4698-a8f6-684d7786b067&sktid=a48cca56-e6da-484e-a814-9c849652bcb3&skt=2023-09-25T20%3A36%3A53Z&ske=2023-09-26T20%3A36%3A53Z&sks=b&skv=2021-08-06&sig=Ki7W06LCcXnlQqM5yKI5MmOGfG9uQjEGKPnRjKZ%2B7G0%3D
You both kicked off your shoes,"""Design an image depicting two people comfortably kicking off their shoes, with a suggestively carefree and relaxed atmosphere.""",https://oaidalleapiprodscus.blob.core.windows.net/private/org-5asyG5KsxkGgkhEpGIwSUNiR/user-hEblrJn1zbSsetupZN9Eyq8x/img-pZN70YIhqbwjEC0t0PVpAoEm.png?st=2023-09-25T21%3A48%3A50Z&se=2023-09-25T23%3A48%3A50Z&sp=r&sv=2021-08-06&sr=b&rscd=inline&rsct=image/png&skoid=6aaadede-4fb3-4698-a8f6-684d7786b067&sktid=a48cca56-e6da-484e-a814-9c849652bcb3&skt=2023-09-25T20%3A36%3A23Z&ske=2023-09-26T20%3A36%3A23Z&sks=b&skv=2021-08-06&sig=y/VgVsUIzBHBcWD55iyQRbXgospkb0WfPuuPCI2KdT8%3D
"Man, I dig those rhythm and blues","""Create an image incorporating elements of classic rhythm and blues music culture, featuring a stylish man deeply engrossed in the emotions of the music.""",https://oaidalleapiprodscus.blob.core.windows.net/private/org-5asyG5KsxkGgkhEpGIwSUNiR/user-hEblrJn1zbSsetupZN9Eyq8x/img-woJs25mqNseMIsYWMoIYZhCc.png?st=2023-09-25T21%3A49%3A02Z&se=2023-09-25T23%3A49%3A02Z&sp=r&sv=2021-08-06&sr=b&rscd=inline&rsct=image/png&skoid=6aaadede-4fb3-4698-a8f6-684d7786b067&sktid=a48cca56-e6da-484e-a814-9c849652bcb3&skt=2023-09-25T20%3A39%3A14Z&ske=2023-09-26T20%3A39%3A14Z&sks=b&skv=2021-08-06&sig=a8CUPu2F3BFvc%2BS3bjhwV7ZfGnVlZONkwisgFYaUA9E%3D
I was a lonely teenage broncin' buck,"""Generate an image of a solitary teenager transforming into a buck (male deer) under a moonlit sky, conveying feelings of loneliness.""",https://oaidalleapiprodscus.blob.core.windows.net/private/org-5asyG5KsxkGgkhEpGIwSUNiR/user-hEblrJn1zbSsetupZN9Eyq8x/img-slqY1kIviMvcg8CaJD4Exfr6.png?st=2023-09-25T21%3A49%3A14Z&se=2023-09-25T23%3A49%3A14Z&sp=r&sv=2021-08-06&sr=b&rscd=inline&rsct=image/png&skoid=6aaadede-4fb3-4698-a8f6-684d7786b067&sktid=a48cca56-e6da-484e-a814-9c849652bcb3&skt=2023-09-25T20%3A38%3A08Z&ske=2023-09-26T20%3A38%3A08Z&sks=b&skv=2021-08-06&sig=khkGCryO5sdNHLYhkjmwP7ii2akivt7F%2BSrntjZ8rXM%3D
With a pink carnation and a pickup truck,"""Generate an image of a vintage pickup truck parked in a picturesque country setting, with a vibrant pink carnation placed prominently on the dashboard.""",https://oaidalleapiprodscus.blob.core.windows.net/private/org-5asyG5KsxkGgkhEpGIwSUNiR/user-hEblrJn1zbSsetupZN9Eyq8x/img-qMSffGn9SRLUgVmzWvBAB0Yc.png?st=2023-09-25T21%3A49%3A25Z&se=2023-09-25T23%3A49%3A25Z&sp=r&sv=2021-08-06&sr=b&rscd=inline&rsct=image/png&skoid=6aaadede-4fb3-4698-a8f6-684d7786b067&sktid=a48cca56-e6da-484e-a814-9c849652bcb3&skt=2023-09-25T20%3A36%3A21Z&ske=2023-09-26T20%3A36%3A21Z&sks=b&skv=2021-08-06&sig=9QE57ZvoVwXN4SERFKhYuGZKl2o6xJ4G8fNDKcoadaM%3D
But I knew I was out of luck,"""Generate an image depicting a downtrodden gambler at a poker table, realizing they have lost.""",https://oaidalleapiprodscus.blob.core.windows.net/private/org-5asyG5KsxkGgkhEpGIwSUNiR/user-hEblrJn1zbSsetupZN9Eyq8x/img-eh1EKN0oyc12iOyb0iDrdEGv.png?st=2023-09-25T21%3A49%3A36Z&se=2023-09-25T23%3A49%3A36Z&sp=r&sv=2021-08-06&sr=b&rscd=inline&rsct=image/png&skoid=6aaadede-4fb3-4698-a8f6-684d7786b067&sktid=a48cca56-e6da-484e-a814-9c849652bcb3&skt=2023-09-25T20%3A43%3A18Z&ske=2023-09-26T20%3A43%3A18Z&sks=b&skv=2021-08-06&sig=yb/z3RA7n8kScLMMQ6MbChoi94nSiq1VUO/Lw6wTjWg%3D
The day the music died,"""Visualize a post-apocalyptic sunset scene where all musical instruments are abandoned and decaying, symbolizing 'The day the music died'.""",https://oaidalleapiprodscus.blob.core.windows.net/private/org-5asyG5KsxkGgkhEpGIwSUNiR/user-hEblrJn1zbSsetupZN9Eyq8x/img-VZM5EfXA9eGJC7ar4dreBI8Q.png?st=2023-09-25T21%3A49%3A47Z&se=2023-09-25T23%3A49%3A47Z&sp=r&sv=2021-08-06&sr=b&rscd=inline&rsct=image/png&skoid=6aaadede-4fb3-4698-a8f6-684d7786b067&sktid=a48cca56-e6da-484e-a814-9c849652bcb3&skt=2023-09-25T20%3A36%3A33Z&ske=2023-09-26T20%3A36%3A33Z&sks=b&skv=2021-08-06&sig=lxxYKH/mY6MhMyWCJsNliER9%2Bx9KBfv1kWnpid2zHcQ%3D
You might also like[Chorus],"""Generate an image depicting a jubilant chorus scene, with a vibrant audience enjoying the performance, full of anticipation and delight. You might want to add elements that symbolize harmony, unity, and joy according to the musical theme.""",https://oaidalleapiprodscus.blob.core.windows.net/private/org-5asyG5KsxkGgkhEpGIwSUNiR/user-hEblrJn1zbSsetupZN9Eyq8x/img-ub629YG8Y5TYu0UG1AXpQatn.png?st=2023-09-25T21%3A49%3A59Z&se=2023-09-25T23%3A49%3A59Z&sp=r&sv=2021-08-06&sr=b&rscd=inline&rsct=image/png&skoid=6aaadede-4fb3-4698-a8f6-684d7786b067&sktid=a48cca56-e6da-484e-a814-9c849652bcb3&skt=2023-09-25T20%3A38%3A05Z&ske=2023-09-26T20%3A38%3A05Z&sks=b&skv=2021-08-06&sig=CVC5ZQ3Hm3J8yd7ptWD3s/1u5rnQ3ZKfNc7jUkbF17Y%3D
"I started singin', bye-bye, Miss American Pie","""Generate an image featuring a vintage American diner with an American pie on the counter, a microphone on a small stage, and an individual waving goodbye.""",https://oaidalleapiprodscus.blob.core.windows.net/private/org-5asyG5KsxkGgkhEpGIwSUNiR/user-hEblrJn1zbSsetupZN9Eyq8x/img-1hDvy8OQX8b5KY8lPYutmSdc.png?st=2023-09-25T21%3A50%3A10Z&se=2023-09-25T23%3A50%3A10Z&sp=r&sv=2021-08-06&sr=b&rscd=inline&rsct=image/png&skoid=6aaadede-4fb3-4698-a8f6-684d7786b067&sktid=a48cca56-e6da-484e-a814-9c849652bcb3&skt=2023-09-25T20%3A39%3A03Z&ske=2023-09-26T20%3A39%3A03Z&sks=b&skv=2021-08-06&sig=DY4rmvT4/uHVL%2B/GqeEmqE7TClqWB0IdZut9tAONZLk%3D
"Drove my Chevy to the levee, but the levee was dry","""Generate an image of a vintage Chevrolet being driven towards a vast, arid levee under a warm sunset.""",https://oaidalleapiprodscus.blob.core.windows.net/private/org-5asyG5KsxkGgkhEpGIwSUNiR/user-hEblrJn1zbSsetupZN9Eyq8x/img-PlghXmEiWDrn8sKIsXuaS6eS.png?st=2023-09-25T21%3A50%3A21Z&se=2023-09-25T23%3A50%3A21Z&sp=r&sv=2021-08-06&sr=b&rscd=inline&rsct=image/png&skoid=6aaadede-4fb3-4698-a8f6-684d7786b067&sktid=a48cca56-e6da-484e-a814-9c849652bcb3&skt=2023-09-25T22%3A13%3A23Z&ske=2023-09-26T22%3A13%3A23Z&sks=b&skv=2021-08-06&sig=zEm19pzj5mFnZDsyFNO1601acfYy8Lv5s1XFuIkO5Ls%3D
Them good ol' boys were drinkin' whiskey and rye,"""Generate an image of a group of vintage-style, good ol' boys in a rustic bar setting, cheerfully drinking whiskey and rye.""",https://oaidalleapiprodscus.blob.core.windows.net/private/org-5asyG5KsxkGgkhEpGIwSUNiR/user-hEblrJn1zbSsetupZN9Eyq8x/img-WJqmm2z6eJq7rXKMxcKku9xG.png?st=2023-09-25T21%3A50%3A33Z&se=2023-09-25T23%3A50%3A33Z&sp=r&sv=2021-08-06&sr=b&rscd=inline&rsct=image/png&skoid=6aaadede-4fb3-4698-a8f6-684d7786b067&sktid=a48cca56-e6da-484e-a814-9c849652bcb3&skt=2023-09-25T20%3A39%3A10Z&ske=2023-09-26T20%3A39%3A10Z&sks=b&skv=2021-08-06&sig=rmEg7uM1EbNKsRCC2/RVDdJDQPe5MuStFPuZD/nLHLg%3D
"And singin', ""This'll be the day that I die","""Generate an image of a lone figure on a hill at sunset, holding a guitar and dramatically singing the lyrics 'This'll be the day that I die' with an impending storm in the background.""",https://oaidalleapiprodscus.blob.core.windows.net/private/org-5asyG5KsxkGgkhEpGIwSUNiR/user-hEblrJn1zbSsetupZN9Eyq8x/img-caxIfV0emlwOJvDIos2DSb8f.png?st=2023-09-25T21%3A50%3A46Z&se=2023-09-25T23%3A50%3A46Z&sp=r&sv=2021-08-06&sr=b&rscd=inline&rsct=image/png&skoid=6aaadede-4fb3-4698-a8f6-684d7786b067&sktid=a48cca56-e6da-484e-a814-9c849652bcb3&skt=2023-09-25T20%3A38%3A08Z&ske=2023-09-26T20%3A38%3A08Z&sks=b&skv=2021-08-06&sig=OS0R4pREwHTjZahHL216V4Yb1wbWsjnSGJvTxmO94ys%3D
"This'll be the day that I die""","""Generate an emotional sunset scene with a lone silhouette standing on a hill, looking at the sky, coupled with the phrase 'This'll be the day that I die' in a drifting, calligraphic font.""",https://oaidalleapiprodscus.blob.core.windows.net/private/org-5asyG5KsxkGgkhEpGIwSUNiR/user-hEblrJn1zbSsetupZN9Eyq8x/img-4qdy2NlmEc80W5lRCOMBTEmd.png?st=2023-09-25T21%3A50%3A58Z&se=2023-09-25T23%3A50%3A58Z&sp=r&sv=2021-08-06&sr=b&rscd=inline&rsct=image/png&skoid=6aaadede-4fb3-4698-a8f6-684d7786b067&sktid=a48cca56-e6da-484e-a814-9c849652bcb3&skt=2023-09-25T20%3A39%3A35Z&ske=2023-09-26T20%3A39%3A35Z&sks=b&skv=2021-08-06&sig=VF7OhiWaECIM1gfQZwHivPxxejbXwjCmox4h/YQnZWw%3D
,"""Generate an image of a sparkling crystal city skyline under a twilight sky filled with shimmering stars, inspired by the lyrics of the song 'City of stars, are you shining just for me? City of stars, there's so much that I can't see'"".",https://oaidalleapiprodscus.blob.core.windows.net/private/org-5asyG5KsxkGgkhEpGIwSUNiR/user-hEblrJn1zbSsetupZN9Eyq8x/img-TFl8Wjt12IkH0UxY4BqXGQp6.png?st=2023-09-25T21%3A51%3A11Z&se=2023-09-25T23%3A51%3A11Z&sp=r&sv=2021-08-06&sr=b&rscd=inline&rsct=image/png&skoid=6aaadede-4fb3-4698-a8f6-684d7786b067&sktid=a48cca56-e6da-484e-a814-9c849652bcb3&skt=2023-09-25T20%3A37%3A12Z&ske=2023-09-26T20%3A37%3A12Z&sks=b&skv=2021-08-06&sig=vUtTkWKWbRdosdaHwuxUp4LFqC80MUx7P6XWkGE/Fas%3D
[Verse 2],"""Generate a vivid, abstract image inspired by the concept of the second verse of a song, filled with musical notes, lyrical expressions etched into the sky and glowing, rhythmic waves pulsating in sync with an unseen melody.""",n/a
